{
  "deep_full": {
    "pytorch_cpu": {
      "p50_ms": 9.79979196563363,
      "p95_ms": 72.87405962124465,
      "p99_ms": 77.90977386757731,
      "mean_ms": 23.58935250993818
    },
    "pytorch_gpu": {
      "p50_ms": 2.2814213298261166,
      "p95_ms": 2.309195091947913,
      "p99_ms": 2.539555672556162,
      "mean_ms": 2.289157305844128
    },
    "onnx_gpu": {
      "skipped": "CUDAExecutionProvider not active (got ['CPUExecutionProvider'])"
    },
    "tensorrt_fp16": {
      "skipped": "TRT EP not active (got ['CPUExecutionProvider']); engine built OK"
    }
  },
  "deep_pruned": {
    "pytorch_cpu": {
      "p50_ms": 10.74353838339448,
      "p95_ms": 74.04192602261901,
      "p99_ms": 78.42334328219295,
      "mean_ms": 25.39291495922953
    },
    "pytorch_gpu": {
      "p50_ms": 2.4198717437684536,
      "p95_ms": 2.4448690935969353,
      "p99_ms": 2.4586676619946957,
      "mean_ms": 2.421099572442472
    },
    "onnx_gpu": {
      "skipped": "CUDAExecutionProvider not active (got ['CPUExecutionProvider'])"
    },
    "tensorrt_fp16": {
      "skipped": "TRT EP not active (got ['CPUExecutionProvider']); engine built OK"
    }
  }
}