{
  "individual_dl_pr_auc": {
    "asym_v2_baseline": 0.43672870292192695,
    "asym_v2_dropout02": 0.4374926908714474,
    "asym_v2_dropout03": 0.4549901325716276,
    "asym_v2_lr5e4": 0.45276621760598235,
    "asym_v2_alpha05": 0.451597218744805,
    "asym_v2_alpha07": 0.4428843827771576
  },
  "dl_dl_pearson_avg": 0.8227611882992234,
  "results": {
    "LGB only (lgbm_full)": {
      "roc_auc": 0.9015796944617591,
      "pr_auc": 0.5556165126474423,
      "ks": 0.6475064397026482,
      "recall_at_fpr_0.01": 0.4940944881889764,
      "fpr_at_recall_0.90": 0.343227175476132
    },
    "DL_best_single (dropout03)": {
      "roc_auc": 0.8358570382387293,
      "pr_auc": 0.4549901325716276,
      "ks": 0.5253974705715186,
      "recall_at_fpr_0.01": 0.4111712598425197,
      "fpr_at_recall_0.90": 0.5547157237557434
    },
    "DL_avg_all6 (uniform)": {
      "roc_auc": 0.8500206028454415,
      "pr_auc": 0.4862566876137937,
      "ks": 0.555342113777332,
      "recall_at_fpr_0.01": 0.4434055118110236,
      "fpr_at_recall_0.90": 0.5357405913507067
    },
    "DL_avg_top3": {
      "roc_auc": 0.8465770446521953,
      "pr_auc": 0.4845256647935915,
      "ks": 0.5464915357990022,
      "recall_at_fpr_0.01": 0.43996062992125984,
      "fpr_at_recall_0.90": 0.5272263336957665
    },
    "DLavg6+LGB  DL=0.2 LGB=0.8": {
      "roc_auc": 0.9056973248790285,
      "pr_auc": 0.5673918977539743,
      "ks": 0.6544937449201123,
      "recall_at_fpr_0.01": 0.5125492125984252,
      "fpr_at_recall_0.90": 0.3309336747220371
    },
    "DLavg6+LGB  DL=0.3 LGB=0.7": {
      "roc_auc": 0.905351316866373,
      "pr_auc": 0.5708315004762241,
      "ks": 0.6572563804631836,
      "recall_at_fpr_0.01": 0.5196850393700787,
      "fpr_at_recall_0.90": 0.33569499491424365
    },
    "DLavg6+LGB  DL=0.4 LGB=0.6": {
      "roc_auc": 0.9044310338536281,
      "pr_auc": 0.5723536161672991,
      "ks": 0.66055226612356,
      "recall_at_fpr_0.01": 0.5199311023622047,
      "fpr_at_recall_0.90": 0.34068429728876576
    },
    "DLavg6+LGB  DL=0.5 LGB=0.5": {
      "roc_auc": 0.902775051751679,
      "pr_auc": 0.5713131472655113,
      "ks": 0.65712879640045,
      "recall_at_fpr_0.01": 0.5172244094488189,
      "fpr_at_recall_0.90": 0.34575251657255096
    },
    "DLtop3+LGB  DL=0.2 LGB=0.8": {
      "roc_auc": 0.9062830762308344,
      "pr_auc": 0.5709520627887662,
      "ks": 0.6575610356356449,
      "recall_at_fpr_0.01": 0.5162401574803149,
      "fpr_at_recall_0.90": 0.33160008417803655
    },
    "DLtop3+LGB  DL=0.3 LGB=0.7": {
      "roc_auc": 0.9061098715663549,
      "pr_auc": 0.5743536915199043,
      "ks": 0.6583949968060401,
      "recall_at_fpr_0.01": 0.5228838582677166,
      "fpr_at_recall_0.90": 0.3361948020062432
    },
    "DLtop3+LGB  DL=0.4 LGB=0.6": {
      "roc_auc": 0.9051244027032528,
      "pr_auc": 0.5754462054334072,
      "ks": 0.6606050758969394,
      "recall_at_fpr_0.01": 0.5263287401574803,
      "fpr_at_recall_0.90": 0.350689207674231
    },
    "(prev best) DL30+LGB70 (single DL)": {
      "roc_auc": 0.9027753991276195,
      "pr_auc": 0.5667569211472965,
      "ks": 0.6571433387224216,
      "recall_at_fpr_0.01": 0.5204232283464567,
      "fpr_at_recall_0.90": 0.3520044894952825
    }
  },
  "n_val": 118108,
  "n_pos": 4064
}