{
  "individual_dl_pr_auc": {
    "asym_v2_baseline": 0.43582874369082897,
    "asym_v2_dropout02": 0.4371280383116615,
    "asym_v2_dropout03": 0.45506559501106914,
    "asym_v2_lr5e4": 0.4525173548748727,
    "asym_v2_alpha05": 0.4517770040677035,
    "asym_v2_alpha07": 0.4431382150184859,
    "asym_v3_gatv2": 0.4672108745481562,
    "asym_v3_swa": 0.4644805766854912
  },
  "top3": [
    "asym_v3_gatv2",
    "asym_v3_swa",
    "asym_v2_dropout03"
  ],
  "top4": [
    "asym_v3_gatv2",
    "asym_v3_swa",
    "asym_v2_dropout03",
    "asym_v2_lr5e4"
  ],
  "ensemble_results": {
    "LGB alone (lgbm_full)": {
      "roc_auc": 0.9015796944617591,
      "pr_auc": 0.5556165126474423,
      "ks": 0.6475064397026482,
      "recall_at_fpr_0.01": 0.4940944881889764,
      "fpr_at_recall_0.90": 0.343227175476132
    },
    "DL_best_single (v3_gatv2)": {
      "roc_auc": 0.8487778794436158,
      "pr_auc": 0.4672108745481562,
      "ks": 0.544721100876385,
      "recall_at_fpr_0.01": 0.421505905511811,
      "fpr_at_recall_0.90": 0.5288923573357651
    },
    "DL_avg_all8": {
      "roc_auc": 0.8590232225260757,
      "pr_auc": 0.49691750963141484,
      "ks": 0.5681218890650577,
      "recall_at_fpr_0.01": 0.45054133858267714,
      "fpr_at_recall_0.90": 0.49416014871453123
    },
    "DL_avg_top3 ['asym_v3_gatv2', 'asym_v3_swa', 'asym_v2_dropout03']": {
      "roc_auc": 0.8634772919355342,
      "pr_auc": 0.49774928702041316,
      "ks": 0.5741607673457709,
      "recall_at_fpr_0.01": 0.452509842519685,
      "fpr_at_recall_0.90": 0.48081442250359513
    },
    "DL_avg_top4 ['asym_v3_gatv2', 'asym_v3_swa', 'asym_v2_dropout03', 'asym_v2_lr5e4']": {
      "roc_auc": 0.8628953897680602,
      "pr_auc": 0.5015421681960102,
      "ks": 0.5728187052131005,
      "recall_at_fpr_0.01": 0.453001968503937,
      "fpr_at_recall_0.90": 0.4899424783416927
    },
    "DL_avg_top5": {
      "roc_auc": 0.8618927009833475,
      "pr_auc": 0.5005872707661331,
      "ks": 0.567052609822925,
      "recall_at_fpr_0.01": 0.45570866141732286,
      "fpr_at_recall_0.90": 0.4867682648802217
    },
    "DL_top3+LGB DL=0.30 LGB=0.70": {
      "roc_auc": 0.906502863793143,
      "pr_auc": 0.5788122150953814,
      "ks": 0.6608415590805262,
      "recall_at_fpr_0.01": 0.5214074803149606,
      "fpr_at_recall_0.90": 0.33172284381466804
    },
    "DL_top3+LGB DL=0.35 LGB=0.65": {
      "roc_auc": 0.906306149760681,
      "pr_auc": 0.5805068856895882,
      "ks": 0.6626437972414019,
      "recall_at_fpr_0.01": 0.5216535433070866,
      "fpr_at_recall_0.90": 0.33429202763845534
    },
    "DL_top3+LGB DL=0.40 LGB=0.60": {
      "roc_auc": 0.9059571620823513,
      "pr_auc": 0.581583722776917,
      "ks": 0.6625567935928584,
      "recall_at_fpr_0.01": 0.5250984251968503,
      "fpr_at_recall_0.90": 0.33457262109361297
    },
    "DL_top3+LGB DL=0.45 LGB=0.55": {
      "roc_auc": 0.90543491148395,
      "pr_auc": 0.5820096406670257,
      "ks": 0.663082906321279,
      "recall_at_fpr_0.01": 0.5241141732283464,
      "fpr_at_recall_0.90": 0.33538809582266493
    },
    "DL_top3+LGB DL=0.50 LGB=0.50": {
      "roc_auc": 0.9046953739984871,
      "pr_auc": 0.5818324259689115,
      "ks": 0.6623429481009816,
      "recall_at_fpr_0.01": 0.5270669291338582,
      "fpr_at_recall_0.90": 0.338018659464768
    },
    "DL_top4+LGB DL=0.30 LGB=0.70": {
      "roc_auc": 0.907401950400688,
      "pr_auc": 0.5801852114407057,
      "ks": 0.6608059411797684,
      "recall_at_fpr_0.01": 0.5223917322834646,
      "fpr_at_recall_0.90": 0.3260232892567781
    },
    "DL_top4+LGB DL=0.40 LGB=0.60": {
      "roc_auc": 0.9070019480842731,
      "pr_auc": 0.5832746173713614,
      "ks": 0.6651350135063219,
      "recall_at_fpr_0.01": 0.5265748031496063,
      "fpr_at_recall_0.90": 0.33231910490687805
    },
    "DL_top4+LGB DL=0.50 LGB=0.50": {
      "roc_auc": 0.9058560627380454,
      "pr_auc": 0.5836667097967456,
      "ks": 0.6655126737242181,
      "recall_at_fpr_0.01": 0.5295275590551181,
      "fpr_at_recall_0.90": 0.33538809582266493
    },
    "DL_all8+LGB DL=0.30 LGB=0.70": {
      "roc_auc": 0.9063440072653267,
      "pr_auc": 0.5746874738615078,
      "ks": 0.6600689086847817,
      "recall_at_fpr_0.01": 0.5211614173228346,
      "fpr_at_recall_0.90": 0.3325120129072989
    },
    "DL_all8+LGB DL=0.40 LGB=0.60": {
      "roc_auc": 0.905780116863998,
      "pr_auc": 0.5771397354551725,
      "ks": 0.6613968341270132,
      "recall_at_fpr_0.01": 0.5211614173228346,
      "fpr_at_recall_0.90": 0.33203851145172036
    },
    "v3_gatv2+LGB DL=0.4 LGB=0.6": {
      "roc_auc": 0.9032027125288292,
      "pr_auc": 0.579598895326221,
      "ks": 0.665892784992227,
      "recall_at_fpr_0.01": 0.530757874015748,
      "fpr_at_recall_0.90": 0.35630984532285787
    }
  },
  "n_val": 118108,
  "n_pos": 4064
}