{
  "blend_strategies": {
    "DL_only (asym_v2_dropout03)": {
      "roc_auc": 0.8359426081524136,
      "pr_auc": 0.455399332834507,
      "ks": 0.5258857214800642,
      "recall_at_fpr_0.01": 0.41313976377952755,
      "fpr_at_recall_0.90": 0.5563905159412157
    },
    "LGB_only (lgbm_full)": {
      "roc_auc": 0.9015796944617591,
      "pr_auc": 0.5556165126474423,
      "ks": 0.6475064397026482,
      "recall_at_fpr_0.01": 0.4940944881889764,
      "fpr_at_recall_0.90": 0.343227175476132
    },
    "prob_avg_DL02_LGB08": {
      "roc_auc": 0.9039718913227854,
      "pr_auc": 0.5656483792731791,
      "ks": 0.6550977561637351,
      "recall_at_fpr_0.01": 0.515255905511811,
      "fpr_at_recall_0.90": 0.34320963838518465
    },
    "prob_avg_DL03_LGB07": {
      "roc_auc": 0.9028051332135378,
      "pr_auc": 0.5667620526880525,
      "ks": 0.6569108687018714,
      "recall_at_fpr_0.01": 0.5201771653543307,
      "fpr_at_recall_0.90": 0.35279365858791345
    },
    "prob_avg_DL04_LGB06": {
      "roc_auc": 0.9008575387189969,
      "pr_auc": 0.5653392494737737,
      "ks": 0.6534561308289079,
      "recall_at_fpr_0.01": 0.515748031496063,
      "fpr_at_recall_0.90": 0.3605450527866437
    },
    "prob_avg_DL05_LGB05": {
      "roc_auc": 0.8979227686882559,
      "pr_auc": 0.5603936009585494,
      "ks": 0.6480803392778088,
      "recall_at_fpr_0.01": 0.5051673228346457,
      "fpr_at_recall_0.90": 0.3672617586194802
    },
    "prob_avg_DL06_LGB04": {
      "roc_auc": 0.8935127383490886,
      "pr_auc": 0.5501482755136535,
      "ks": 0.6403150845633002,
      "recall_at_fpr_0.01": 0.49458661417322836,
      "fpr_at_recall_0.90": 0.39055101539756587
    },
    "prob_avg_DL07_LGB03": {
      "roc_auc": 0.8868232961335272,
      "pr_auc": 0.5333315135810883,
      "ks": 0.6279591165531635,
      "recall_at_fpr_0.01": 0.47859251968503935,
      "fpr_at_recall_0.90": 0.4113412367156536
    },
    "geomean": {
      "roc_auc": 0.8968209634069956,
      "pr_auc": 0.541287274160031,
      "ks": 0.6318571751695782,
      "recall_at_fpr_0.01": 0.48326771653543305,
      "fpr_at_recall_0.90": 0.35934376205675
    },
    "rank_avg_DL03_LGB07": {
      "roc_auc": 0.8960069191763809,
      "pr_auc": 0.5315630536010287,
      "ks": 0.6231222021780791,
      "recall_at_fpr_0.01": 0.47416338582677164,
      "fpr_at_recall_0.90": 0.3428852022026586
    },
    "rank_avg_DL04_LGB06": {
      "roc_auc": 0.8909396460065697,
      "pr_auc": 0.5251236212236674,
      "ks": 0.6074447246773382,
      "recall_at_fpr_0.01": 0.4719488188976378,
      "fpr_at_recall_0.90": 0.3663235242537968
    },
    "rank_avg_DL05_LGB05": {
      "roc_auc": 0.884363216403974,
      "pr_auc": 0.5190991433539665,
      "ks": 0.5927347129040124,
      "recall_at_fpr_0.01": 0.46776574803149606,
      "fpr_at_recall_0.90": 0.39903019887061136
    },
    "rank_avg_DL06_LGB04": {
      "roc_auc": 0.8764211322325657,
      "pr_auc": 0.5131453380498141,
      "ks": 0.5823778438050019,
      "recall_at_fpr_0.01": 0.4628444881889764,
      "fpr_at_recall_0.90": 0.4293605976640595
    },
    "stack_logistic_2nd_half_only": {
      "roc_auc": 0.8860537102199441,
      "pr_auc": 0.5246352219348799,
      "ks": 0.6203296114617468,
      "recall_at_fpr_0.01": 0.46543154089471306,
      "fpr_at_recall_0.90": 0.42018965183582274
    }
  },
  "dl_config": "asym_v2_dropout03",
  "lgb_model": "best_lgbm_full.pkl",
  "n_val": 118108,
  "n_pos": 4064,
  "pearson_dl_lgb": 0.6381505082655226
}