{
  "seq_only": {
    "roc_auc": 0.843786850977465,
    "pr_auc": 0.42113949435910747,
    "ks": 0.549932801526804,
    "recall_at_fpr_0.01": 0.3631889763779528,
    "fpr_at_recall_0.90": 0.5334607695275507,
    "train_seconds": 657.3
  },
  "graph_only": {
    "roc_auc": 0.8480543805858052,
    "pr_auc": 0.3911413227513553,
    "ks": 0.5401731256094829,
    "recall_at_fpr_0.01": 0.3375984251968504,
    "fpr_at_recall_0.90": 0.4730016484865491,
    "train_seconds": 576.4
  },
  "concat_fusion": {
    "roc_auc": 0.8491130929107483,
    "pr_auc": 0.4240808258266463,
    "ks": 0.5521407057422512,
    "recall_at_fpr_0.01": 0.36515748031496065,
    "fpr_at_recall_0.90": 0.49448458489705727,
    "train_seconds": 827.9
  },
  "gated_fusion": {
    "roc_auc": 0.8412091132908504,
    "pr_auc": 0.40413010061010735,
    "ks": 0.5348404345663519,
    "recall_at_fpr_0.01": 0.35211614173228345,
    "fpr_at_recall_0.90": 0.511504331661464,
    "train_seconds": 738.8
  },
  "gated_plus_hnm": {
    "roc_auc": 0.8186740398856969,
    "pr_auc": 0.31444315693778707,
    "ks": 0.48485461613517317,
    "recall_at_fpr_0.01": 0.2561515748031496,
    "fpr_at_recall_0.90": 0.5443513030058574,
    "train_seconds": 228.2
  },
  "lgbm_baseline": {
    "roc_auc": 0.9075699595293653,
    "pr_auc": 0.481342116229209,
    "ks": 0.6554500428346899,
    "recall_at_fpr_0.01": 0.4050196850393701,
    "fpr_at_recall_0.90": 0.27594612605660973
  }
}