{
  "hetero_baseline": {
    "roc_auc": 0.8254947039020994,
    "pr_auc": 0.39653464950128325,
    "ks": 0.5390092392851826,
    "recall_at_fpr_0.01": 0.35802165354330706,
    "fpr_at_recall_0.90": 0.6481796499596647,
    "audit": {
      "best_epoch": 13,
      "total_epochs": 21,
      "last5_pr_auc": [
        0.37107834288001174,
        0.377802138362222,
        0.3862629194078049,
        0.3749302631308633,
        0.36507454035164144
      ],
      "warnings": [
        "\u26a0\ufe0f  \u672b 5 epoch val_pr_auc \u9707\u8361 > 0.02 (oscillation),\u672a\u6536\u655b"
      ]
    },
    "converged": false,
    "train_seconds": 961.2,
    "v_strategy": "pruned_v",
    "config": {
      "name": "hetero_baseline",
      "use_hnm": false,
      "loss_overrides": {}
    }
  },
  "hetero_asym_balanced": {
    "roc_auc": 0.8202554095193815,
    "pr_auc": 0.42937895261143705,
    "ks": 0.5087127754531543,
    "recall_at_fpr_0.01": 0.4109251968503937,
    "fpr_at_recall_0.90": 0.6377626179369367,
    "audit": {
      "best_epoch": 37,
      "total_epochs": 40,
      "last5_pr_auc": [
        0.41750187801498667,
        0.42937895261143705,
        0.4287257216347813,
        0.4198056076781298,
        0.4198979776684893
      ],
      "warnings": []
    },
    "converged": true,
    "train_seconds": 1850.2,
    "v_strategy": "pruned_v",
    "config": {
      "name": "hetero_asym_balanced",
      "use_hnm": false,
      "loss_overrides": {
        "focal_gamma_pos": 2.0,
        "focal_gamma_neg": 6.0,
        "focal_alpha": 0.4
      }
    }
  },
  "hetero_label_smoothing": {
    "roc_auc": 0.8103826109507534,
    "pr_auc": 0.41545845943358317,
    "ks": 0.503722256184034,
    "recall_at_fpr_0.01": 0.39197834645669294,
    "fpr_at_recall_0.90": 0.6767212654764828,
    "audit": {
      "best_epoch": 33,
      "total_epochs": 40,
      "last5_pr_auc": [
        0.40559176502080785,
        0.3821616056144894,
        0.39288543194538456,
        0.37993079604359065,
        0.39778017650393116
      ],
      "warnings": [
        "\u26a0\ufe0f  \u672b 5 epoch val_pr_auc \u9707\u8361 > 0.02 (oscillation),\u672a\u6536\u655b"
      ]
    },
    "converged": false,
    "train_seconds": 1788.4,
    "v_strategy": "pruned_v",
    "config": {
      "name": "hetero_label_smoothing",
      "use_hnm": false,
      "loss_overrides": {
        "label_smoothing_eps": 0.1
      }
    }
  },
  "hetero_HNM_root_cause": {
    "roc_auc": 0.8217535556451896,
    "pr_auc": 0.3035054757736846,
    "ks": 0.4980542200592836,
    "recall_at_fpr_0.01": 0.2608267716535433,
    "fpr_at_recall_0.90": 0.5643611237767879,
    "audit": {
      "best_epoch": 2,
      "total_epochs": 10,
      "last5_pr_auc": [
        0.2358544364712028,
        0.2529852111940954,
        0.21763988760069353,
        0.25158193764040127,
        0.2863534460747009
      ],
      "warnings": [
        "\u26a0\ufe0f  \u4ec5\u8bad\u7ec3 10 epochs (<15),\u53ef\u80fd\u65e9\u505c\u8fc7\u65e9",
        "\u26a0\ufe0f  \u672b 5 epoch val_pr_auc \u9707\u8361 > 0.02 (oscillation),\u672a\u6536\u655b"
      ]
    },
    "converged": false,
    "train_seconds": 448.8,
    "v_strategy": "pruned_v",
    "config": {
      "name": "hetero_HNM_root_cause",
      "use_hnm": true,
      "loss_overrides": {}
    }
  }
}