{
  "deep_full": {
    "roc_auc": 0.8621366009669013,
    "pr_auc": 0.43700317517165543,
    "ks": 0.5731402760835229,
    "recall_at_fpr_0.01": 0.3631889763779528,
    "fpr_at_recall_0.90": 0.45257970607835574,
    "train_seconds": 1853.1,
    "v_strategy": "full_v"
  },
  "lgbm_full": {
    "roc_auc": 0.9015796944617591,
    "pr_auc": 0.5556165126474423,
    "ks": 0.6475064397026482,
    "recall_at_fpr_0.01": 0.4940944881889764,
    "fpr_at_recall_0.90": 0.343227175476132,
    "v_strategy": "full_v"
  },
  "lgbm_pruned": {
    "roc_auc": 0.8979697032772542,
    "pr_auc": 0.5303226026959733,
    "ks": 0.6415647662720039,
    "recall_at_fpr_0.01": 0.46776574803149606,
    "fpr_at_recall_0.90": 0.3651134649784294,
    "v_strategy": "pruned_v"
  },
  "deep_pruned": {
    "roc_auc": 0.8639415749830084,
    "pr_auc": 0.4311739092205168,
    "ks": 0.5637071680718895,
    "recall_at_fpr_0.01": 0.37130905511811024,
    "fpr_at_recall_0.90": 0.45840202027287713,
    "train_seconds": 2552.7,
    "v_strategy": "pruned_v"
  }
}